rxn,model,e_r_uks_ha,e_ts_uks_ha,e_p_uks_ha,e_ts_rks_ha,s2_r,s2_ts,s2_p,unstable_ts,depth_ts_mev,depth_src,f_model_max,f_model_norm_max,f_dft_max,f_err_max,f_err_mae,barr_model,barr_dft,barr_rks,err_barr,rxne_model,rxne_dft,err_rxne,scf_cyc_ts_uks,scf_cyc_ts_rks
rxn0101,esen,-322.525356703,-322.424630168,-322.547120562,,0.000000,-0.000000,0.000000,0,0.0,stabperform_stable,0.022048,0.022559,0.067082,0.059264,0.012924,2.733940,2.740909,,-0.006968,-0.593103,-0.592225,-0.000879,16,
rxn0101,uma-m,-322.525357226,-322.424649638,-322.547120530,,-0.000000,-0.000000,-0.000000,0,0.0,stabperform_stable,0.019003,0.019398,0.018745,0.015747,0.003995,2.740660,2.740393,,0.000267,-0.592600,-0.592210,-0.000391,16,
rxn0101,uma-s,-322.525357072,-322.424653492,-322.547120545,,-0.000000,-0.000000,0.000000,0,0.0,stabperform_stable,0.030149,0.030917,0.038107,0.042120,0.010438,2.738178,2.740284,,-0.002106,-0.591577,-0.592214,0.000637,16,
rxn0346,esen,-322.440072468,-322.317818412,-322.367856188,-322.312729468,0.000000,0.644766,-0.000000,1,138.5,rks_sp,0.288361,0.305095,0.449538,0.298291,0.065134,3.330292,3.326702,3.465180,0.003589,1.969078,1.965105,0.003973,25,16
rxn0346,uma-m,-322.440070634,-322.318128608,-322.367856657,-322.314340064,-0.000000,0.596061,-0.000000,1,103.1,rks_sp,0.028267,0.031494,0.124626,0.119970,0.028802,3.308606,3.318212,3.421303,-0.009605,1.965742,1.965042,0.000700,22,16
rxn0346,uma-s,-322.440070667,-322.317957161,-322.367856508,-322.313858472,0.000000,0.598738,0.000000,1,111.5,rks_sp,0.042698,0.049412,0.207102,0.174370,0.033620,3.325343,3.322878,3.434409,0.002465,1.966022,1.965047,0.000975,20,16
rxn0894,esen,-322.544358943,-322.381878264,-322.454361403,-322.235387179,0.000000,1.027665,-0.000000,1,3986.2,rks_sp,0.028513,0.033554,0.771634,0.776057,0.115711,7.115101,4.421325,8.407550,2.693776,2.451163,2.448958,0.002206,92,88
rxn0894,uma-m,-322.544359178,-322.367167876,-322.454362996,-322.223612459,-0.000000,1.038358,0.000000,1,3906.3,rks_sp,0.313502,0.366245,1.309857,1.350848,0.369982,7.340065,4.821621,8.727963,2.518444,2.449599,2.448921,0.000678,80,84
rxn0894,uma-s,-322.544358964,-322.391501781,-322.454362853,-322.345354895,0.000000,0.985358,0.000000,1,1255.7,rks_sp,0.112211,0.149262,0.783818,0.797238,0.192057,4.181564,4.159456,5.415177,0.022109,2.450434,2.448919,0.001515,21,18
rxn0896,esen,-322.544358943,-322.353097553,-322.417647469,,-0.000000,-0.000000,-0.000000,0,0.0,stabperform_stable,0.008073,0.009748,0.127969,0.128241,0.022144,5.209158,5.204488,,0.004671,3.453132,3.447995,0.005138,21,
rxn0896,uma-m,-322.544359178,-322.353106296,-322.417647904,,-0.000000,0.000000,0.000000,0,0.0,stabperform_stable,0.004302,0.005794,0.071996,0.074014,0.014625,5.204566,5.204256,,0.000310,3.447057,3.447989,-0.000933,21,
rxn0896,uma-s,-322.544358964,-322.353120101,-322.417646994,,-0.000000,0.000000,-0.000000,0,0.0,stabperform_stable,0.007073,0.009242,0.035384,0.042457,0.009506,5.205380,5.203875,,0.001506,3.449642,3.448008,0.001633,21,
rxn10005,esen,-392.757127506,-392.620301676,-392.664995234,,-0.000000,0.000000,-0.000000,0,0.0,stabperform_stable,0.016529,0.018274,0.076760,0.068890,0.020652,3.724092,3.723221,,0.000872,2.508396,2.507047,0.001349,21,
rxn10005,uma-m,-392.757127890,-392.620323701,-392.665023544,,-0.000000,0.000000,0.000000,0,0.0,stabperform_stable,0.018975,0.021489,0.022982,0.022119,0.006271,3.723026,3.722632,,0.000394,2.506577,2.506287,0.000290,21,
rxn10005,uma-s,-392.757128034,-392.620298309,-392.664987695,,-0.000000,-0.000000,0.000000,0,0.0,stabperform_stable,0.018123,0.021942,0.045027,0.035567,0.011834,3.718653,3.723327,,-0.004674,2.507255,2.507266,-0.000012,21,
rxn10054,esen,-323.425093639,-323.357517816,-323.479013607,-323.357496394,-0.000000,0.057936,-0.000000,1,0.6,rks_sp,0.033241,0.037779,0.129335,0.127356,0.026796,1.837930,1.838832,1.839415,-0.000902,-1.467621,-1.467237,-0.000384,57,16
rxn10054,uma-m,-323.425093388,-323.357539519,-323.479013644,-323.357504006,0.000000,0.072614,0.000000,1,1.0,rks_sp,0.010079,0.013038,0.044062,0.046496,0.010600,1.835254,1.838234,1.839201,-0.002980,-1.466770,-1.467245,0.000475,53,16
rxn10054,uma-s,-323.425092908,-323.357615477,-323.479013655,-323.356823167,-0.000000,0.304119,-0.000000,1,21.6,rks_sp,0.565821,0.622333,0.568658,0.064784,0.015606,1.829101,1.836154,1.857714,-0.007054,-1.467002,-1.467258,0.000256,20,18
rxn1061,esen,-322.550029422,-322.508168596,-322.573368653,,-0.000000,-0.000000,0.000000,0,0.0,stabperform_stable,0.063123,0.068487,0.078493,0.023411,0.007347,1.133299,1.139091,,-0.005792,-0.634068,-0.635093,0.001025,15,
rxn1061,uma-m,-322.550029548,-322.508171737,-322.573368690,,0.000000,0.000000,-0.000000,0,0.0,stabperform_stable,0.002429,0.002572,0.013206,0.013367,0.003526,1.136850,1.139009,,-0.002159,-0.635732,-0.635090,-0.000642,14,
rxn1061,uma-s,-322.550029259,-322.508170055,-322.573368665,,0.000000,-0.000000,0.000000,0,0.0,stabperform_stable,0.027833,0.030409,0.029019,0.013238,0.003486,1.138202,1.139047,,-0.000845,-0.635274,-0.635098,-0.000177,14,
rxn1147,esen,-322.530664208,-322.388163763,-322.403360324,,0.000000,0.000000,-0.000000,0,0.0,stabperform_stable,0.030367,0.037793,0.064529,0.064313,0.017952,3.889283,3.877635,,0.011649,3.465139,3.464115,0.001024,15,
rxn1147,uma-m,-322.530663954,-322.388135229,-322.403350758,,0.000000,0.000000,-0.000000,0,0.0,stabperform_stable,0.023873,0.030685,0.041796,0.039016,0.009500,3.880147,3.878404,,0.001743,3.461846,3.464369,-0.002523,16,
rxn1147,uma-s,-322.530663500,-322.388231959,-322.403350574,,0.000000,0.000000,-0.000000,0,0.0,stabperform_stable,0.029719,0.030237,0.097244,0.097433,0.017595,3.876082,3.875760,,0.000323,3.466199,3.464361,0.001838,15,
rxn1150,esen,-322.530664208,-322.398091425,-322.422044907,,0.000000,0.000000,0.000000,0,0.0,stabperform_stable,0.068741,0.071737,0.113793,0.087951,0.019453,3.595045,3.607489,,-0.012444,2.960676,2.955682,0.004994,16,
rxn1150,uma-m,-322.530663954,-322.398062520,-322.422053171,,0.000000,0.000000,-0.000000,0,0.0,stabperform_stable,0.082347,0.087218,0.087684,0.048501,0.010843,3.606917,3.608269,,-0.001352,2.954272,2.955450,-0.001178,16,
rxn1150,uma-s,-322.530663500,-322.398057129,-322.422054371,,-0.000000,0.000000,-0.000000,0,0.0,stabperform_stable,0.057081,0.063359,0.068380,0.058373,0.011873,3.610233,3.608403,,0.001830,2.956125,2.955405,0.000720,20,
rxn1154,esen,-322.530664208,-322.389118814,-322.494985823,,-0.000000,-0.000000,0.000000,0,0.0,stabperform_stable,0.002593,0.002731,0.089643,0.087786,0.027738,3.843695,3.851646,,-0.007951,0.969012,0.970858,-0.001846,18,
rxn1154,uma-m,-322.530663954,-322.389487481,-322.494983228,,0.000000,0.000000,-0.000000,0,0.0,stabperform_stable,0.017819,0.018248,0.031172,0.028015,0.009039,3.838211,3.841608,,-0.003396,0.970607,0.970922,-0.000315,19,
rxn1154,uma-s,-322.530663500,-322.389544149,-322.494988128,,0.000000,-0.000000,0.000000,0,0.0,stabperform_stable,0.031838,0.032455,0.113129,0.109328,0.021482,3.840607,3.840053,,0.000553,0.970139,0.970776,-0.000637,18,
rxn1155,esen,-322.530664208,-322.427507007,-322.503210704,,0.000000,-0.000000,0.000000,0,0.0,stabperform_stable,0.004641,0.004972,0.065705,0.065846,0.014690,2.805494,2.807050,,-0.001556,0.751608,0.747048,0.004560,13,
rxn1155,uma-m,-322.530663954,-322.427515316,-322.503209475,,0.000000,0.000000,-0.000000,0,0.0,stabperform_stable,0.005196,0.005981,0.019781,0.019473,0.005047,2.803614,2.806817,,-0.003203,0.746181,0.747074,-0.000894,13,
rxn1155,uma-s,-322.530663500,-322.427505803,-322.503209762,,0.000000,0.000000,0.000000,0,0.0,stabperform_stable,0.006515,0.006739,0.053712,0.053256,0.013947,2.801875,2.807064,,-0.005189,0.746527,0.747054,-0.000528,13,
rxn1283,esen,-322.527734669,-322.350584947,-322.390534432,-322.308276824,-0.000000,0.987322,0.000000,1,1151.3,rks_sp,0.073070,0.086296,0.124346,0.097118,0.024988,4.800499,4.820490,5.971752,-0.019990,3.726133,3.733409,-0.007276,133,23
rxn1283,uma-m,-322.527734553,-322.349671174,-322.390626681,-322.309527970,0.000000,0.993853,0.000000,1,1092.4,rks_sp,0.056843,0.060921,0.129281,0.091382,0.016863,4.816909,4.845351,5.937704,-0.028443,3.727646,3.730895,-0.003249,148,19
rxn1283,uma-s,-322.527734517,-322.350695357,-322.390644591,-322.311808799,-0.000000,0.978502,-0.000000,1,1058.2,rks_sp,0.081400,0.109287,0.179098,0.164124,0.039322,4.816159,4.817481,5.875638,-0.001322,3.730449,3.730407,0.000042,84,19
rxn1320,esen,-322.505979426,-322.404113938,-322.508991518,-322.393297845,0.000000,0.686400,-0.000000,1,294.3,rks_sp,0.016002,0.018146,0.098943,0.100994,0.018537,2.768121,2.771901,3.066222,-0.003780,-0.081122,-0.081963,0.000841,22,13
rxn1320,uma-m,-322.505979556,-322.404104090,-322.508991412,-322.392883330,0.000000,0.695138,-0.000000,1,305.3,rks_sp,0.016577,0.019758,0.028598,0.025106,0.007613,2.770738,2.772173,3.077505,-0.001435,-0.081216,-0.081957,0.000741,22,13
rxn1320,uma-s,-322.505979342,-322.404075188,-322.508991168,-322.393161399,-0.000000,0.688461,-0.000000,1,297.0,rks_sp,0.020217,0.022467,0.050570,0.054539,0.015782,2.765891,2.772953,3.069933,-0.007063,-0.081273,-0.081956,0.000683,22,13
rxn1961,esen,-284.467528066,-284.385031035,-284.434885379,,-0.000000,-0.000000,0.000000,0,0.0,stabperform_stable,0.034188,0.044658,0.028630,0.021587,0.004742,2.244654,2.244859,,-0.000204,0.889046,0.888253,0.000793,13,
rxn1961,uma-m,-284.467528315,-284.385032603,-284.434885594,,0.000000,-0.000000,-0.000000,0,0.0,stabperform_stable,0.027296,0.035411,0.030312,0.007102,0.001863,2.244520,2.244823,,-0.000302,0.887987,0.888254,-0.000267,13,
rxn1961,uma-s,-284.467528511,-284.385031495,-284.434885576,,-0.000000,-0.000000,-0.000000,0,0.0,stabperform_stable,0.023250,0.030818,0.021687,0.009380,0.002053,2.244452,2.244858,,-0.000406,0.888129,0.888260,-0.000131,13,
rxn1962,esen,-284.467528066,-284.378444125,-284.430480277,,0.000000,0.000000,0.000000,0,0.0,stabperform_stable,0.022562,0.025325,0.033887,0.016933,0.004911,2.424816,2.424098,,0.000719,1.008336,1.008122,0.000214,13,
rxn1962,uma-m,-284.467528315,-284.378446243,-284.430415984,,-0.000000,0.000000,0.000000,0,0.0,stabperform_stable,0.019339,0.020140,0.027836,0.014687,0.003698,2.422353,2.424047,,-0.001694,1.008894,1.009878,-0.000984,13,
rxn1962,uma-s,-284.467528511,-284.378444825,-284.430479249,,0.000000,0.000000,-0.000000,0,0.0,stabperform_stable,0.020956,0.023651,0.027056,0.016886,0.004466,2.422875,2.424091,,-0.001216,1.007260,1.008162,-0.000901,13,
rxn2553,esen,-322.574487170,-322.501819170,-322.547738323,,-0.000000,-0.000000,0.000000,0,0.0,stabperform_stable,0.041178,0.042037,0.040866,0.027601,0.008588,1.982856,1.977397,,0.005459,0.728213,0.727873,0.000340,14,
rxn2553,uma-m,-322.574487191,-322.501824091,-322.547747254,,-0.000000,0.000000,-0.000000,0,0.0,stabperform_stable,0.046073,0.046144,0.048076,0.011838,0.003591,1.974571,1.977264,,-0.002692,0.727138,0.727631,-0.000493,14,
rxn2553,uma-s,-322.574487358,-322.501822247,-322.547740085,,0.000000,-0.000000,0.000000,0,0.0,stabperform_stable,0.044648,0.045138,0.049618,0.027390,0.007611,1.981464,1.977318,,0.004146,0.726434,0.727830,-0.001396,14,
rxn3107,esen,-322.519913955,-322.369488381,-322.471687489,-322.369385442,-0.000000,0.116199,-0.000000,1,2.8,rks_sp,0.006889,0.007036,0.256476,0.256534,0.043552,4.095396,4.093288,4.096089,0.002107,1.307988,1.312309,-0.004321,52,17
rxn3107,uma-m,-322.519957989,-322.369511525,-322.471688756,-322.369346548,0.000000,0.146708,-0.000000,1,4.5,rks_sp,0.003978,0.004030,0.168585,0.168632,0.027829,4.093239,4.093857,4.098346,-0.000618,1.311097,1.313473,-0.002376,50,17
rxn3107,uma-s,-322.519949997,-322.369386879,-322.471687446,-322.369156578,0.000000,0.176234,0.000000,1,6.3,rks_sp,0.003162,0.003177,0.095820,0.094848,0.022379,4.089068,4.097031,4.103298,-0.007963,1.313137,1.313291,-0.000154,50,17
rxn4003,esen,-303.882652306,-303.810147229,-303.856182845,,-0.000000,0.000000,-0.000000,0,0.0,stabperform_stable,0.008993,0.011257,0.022275,0.014105,0.003093,1.973209,1.972964,,0.000245,0.722137,0.720271,0.001866,13,
rxn4003,uma-m,-303.882652635,-303.810147887,-303.856182817,,-0.000000,0.000000,0.000000,0,0.0,stabperform_stable,0.013590,0.016322,0.010640,0.011258,0.002704,1.972118,1.972955,,-0.000837,0.721093,0.720280,0.000813,13,
rxn4003,uma-s,-303.882653028,-303.810146777,-303.856182457,,0.000000,-0.000000,0.000000,0,0.0,stabperform_stable,0.001864,0.002546,0.010608,0.009479,0.002233,1.973461,1.972996,,0.000465,0.720327,0.720301,0.000026,13,
rxn4004,esen,-303.882652306,-303.805942793,-303.843262417,,-0.000000,0.000000,-0.000000,0,0.0,stabperform_stable,0.000679,0.000701,0.030554,0.030854,0.005292,2.088959,2.087372,,0.001586,1.074609,1.071853,0.002756,14,
rxn4004,uma-m,-303.882652635,-303.805950016,-303.843262416,,-0.000000,-0.000000,0.000000,0,0.0,stabperform_stable,0.000474,0.000488,0.010493,0.010512,0.002633,2.084451,2.087185,,-0.002734,1.072344,1.071862,0.000482,14,
rxn4004,uma-s,-303.882653028,-303.805948823,-303.843262234,,-0.000000,-0.000000,0.000000,0,0.0,stabperform_stable,0.000408,0.000442,0.017939,0.017991,0.004338,2.085838,2.087228,,-0.001390,1.071476,1.071878,-0.000403,14,
rxn4060,esen,-303.882318318,-303.810159317,-303.845663682,,-0.000000,0.000000,-0.000000,0,0.0,stabperform_stable,0.000352,0.000438,0.019947,0.020103,0.004051,1.963400,1.963546,,-0.000146,0.997694,0.997423,0.000271,14,
rxn4060,uma-m,-303.882318609,-303.810160217,-303.845663438,,-0.000000,-0.000000,-0.000000,0,0.0,stabperform_stable,0.000467,0.000535,0.006676,0.007021,0.001877,1.961747,1.963530,,-0.001783,0.997345,0.997438,-0.000093,14,
rxn4060,uma-s,-303.882318308,-303.810158827,-303.845663080,,0.000000,-0.000000,0.000000,0,0.0,stabperform_stable,0.000326,0.000445,0.010833,0.010746,0.002619,1.963262,1.963559,,-0.000297,0.997767,0.997440,0.000328,14,
rxn4063,esen,-303.882318318,-303.811284442,-303.857834256,,-0.000000,-0.000000,0.000000,0,0.0,stabperform_stable,0.043114,0.050430,0.040046,0.020387,0.005305,1.934025,1.932930,,0.001094,0.666139,0.666245,-0.000107,13,
rxn4063,uma-m,-303.882318609,-303.811286844,-303.857834104,,0.000000,-0.000000,0.000000,0,0.0,stabperform_stable,0.037383,0.046632,0.039060,0.015605,0.002405,1.931895,1.932873,,-0.000978,0.666627,0.666257,0.000370,13,
rxn4063,uma-s,-303.882318307,-303.811287113,-303.857841201,,-0.000000,-0.000000,0.000000,0,0.0,stabperform_stable,0.034253,0.045021,0.041662,0.015468,0.004118,1.934154,1.932857,,0.001297,0.665062,0.666056,-0.000994,13,
rxn4113,esen,-322.569217490,-322.370584253,-322.534669989,-322.370138474,0.000000,0.167451,-0.000000,1,12.1,rks_sp,0.057740,0.060081,0.114111,0.120936,0.038233,5.371801,5.405086,5.417216,-0.033285,0.942386,0.940085,0.002300,28,16
rxn4113,uma-m,-322.569217520,-322.408995449,-322.534669764,-322.338367579,0.000000,1.007264,-0.000000,1,1921.9,rks_sp,0.143216,0.155238,0.195935,0.052719,0.018515,4.348441,4.359865,6.281747,-0.011423,0.940480,0.940092,0.000387,25,18
rxn4113,uma-s,-322.569217675,-322.370591167,-322.534670088,-322.370328878,0.000000,0.128374,-0.000000,1,7.1,rks_sp,0.099974,0.102292,0.135331,0.079907,0.029406,5.400587,5.404903,5.412040,-0.004316,0.940329,0.940088,0.000241,28,15
rxn4114,esen,-322.569217490,-322.478357247,-322.543410201,,-0.000000,-0.000000,0.000000,0,0.0,stabperform_stable,0.047131,0.051420,0.060453,0.061460,0.011615,2.474816,2.472433,,0.002383,0.705290,0.702252,0.003038,13,
rxn4114,uma-m,-322.569217520,-322.478359874,-322.543410203,,0.000000,-0.000000,-0.000000,0,0.0,stabperform_stable,0.036581,0.039040,0.047387,0.033743,0.004784,2.471485,2.472362,,-0.000877,0.702759,0.702253,0.000506,13,
rxn4114,uma-s,-322.569217675,-322.478359799,-322.543410267,,0.000000,0.000000,-0.000000,0,0.0,stabperform_stable,0.037910,0.038699,0.040255,0.025442,0.006096,2.475822,2.472369,,0.003453,0.703033,0.702255,0.000778,13,
rxn4498,esen,-322.534670590,-322.413524031,-322.499594775,,-0.000000,-0.000000,-0.000000,0,0.0,stabperform_stable,0.049378,0.055498,0.080332,0.071697,0.026757,3.278755,3.296566,,-0.017811,0.955408,0.954462,0.000946,15,
rxn4498,uma-m,-322.534670468,-322.413553435,-322.499597049,,-0.000000,-0.000000,0.000000,0,0.0,stabperform_stable,0.057904,0.065147,0.069304,0.037226,0.011864,3.292959,3.295762,,-0.002804,0.955890,0.954396,0.001494,15,
rxn4498,uma-s,-322.534670709,-322.413520359,-322.499598020,,-0.000000,0.000000,0.000000,0,0.0,stabperform_stable,0.046334,0.054528,0.073367,0.076925,0.017311,3.295742,3.296669,,-0.000927,0.954904,0.954376,0.000528,15,
rxn4500,esen,-322.534670590,-322.355929900,-322.436547554,,0.000000,-0.000000,-0.000000,0,0.0,stabperform_stable,0.078271,0.083732,0.109166,0.030895,0.006541,4.862117,4.863782,,-0.001665,2.672055,2.670064,0.001991,14,
rxn4500,uma-m,-322.534670468,-322.355932454,-322.436547971,,0.000000,-0.000000,0.000000,0,0.0,stabperform_stable,0.089677,0.093401,0.097865,0.012523,0.004021,4.862217,4.863709,,-0.001492,2.669903,2.670049,-0.000146,14,
rxn4500,uma-s,-322.534670709,-322.355929910,-322.436546873,,0.000000,-0.000000,-0.000000,0,0.0,stabperform_stable,0.091805,0.095144,0.104369,0.049983,0.010393,4.865273,4.863785,,0.001488,2.667009,2.670086,-0.003076,14,
rxn4513,esen,-322.533036059,-322.461316000,-322.562649530,,0.000000,-0.000000,0.000000,0,0.0,stabperform_stable,0.119964,0.135135,0.126134,0.056331,0.013766,1.951894,1.951602,,0.000292,-0.807137,-0.805824,-0.001313,16,
rxn4513,uma-m,-322.533036305,-322.461326941,-322.562650316,,-0.000000,-0.000000,0.000000,0,0.0,stabperform_stable,0.124377,0.135749,0.129503,0.016639,0.005404,1.945747,1.951311,,-0.005564,-0.804719,-0.805838,0.001119,16,
rxn4513,uma-s,-322.533036467,-322.461334628,-322.562651052,,0.000000,-0.000000,-0.000000,0,0.0,stabperform_stable,0.133232,0.144860,0.133980,0.032978,0.009363,1.948143,1.951106,,-0.002964,-0.803629,-0.805854,0.002225,16,
rxn4518,esen,-322.533036058,-322.388921891,-322.418934347,-322.280445118,0.000000,1.008971,0.000000,1,2951.8,rks_sp,0.030672,0.031801,0.043335,0.049539,0.016474,3.911339,3.921546,6.873350,-0.010207,3.103403,3.104866,-0.001462,20,25
rxn4518,uma-m,-322.533036305,-322.388846333,-322.418936297,-322.286933584,-0.000000,1.008306,0.000000,1,2773.2,rks_sp,0.024591,0.030677,0.038971,0.045016,0.008591,3.928643,3.923609,6.696796,0.005034,3.103931,3.104819,-0.000889,18,23
rxn4518,uma-s,-322.533036467,-322.388923614,-322.418936816,-322.284777743,0.000000,1.008659,-0.000000,1,2834.0,rks_sp,0.029826,0.033433,0.052303,0.062800,0.011899,3.910334,3.921511,6.755464,-0.011177,3.105858,3.104810,0.001049,18,22
rxn4519,esen,-322.533036059,-322.353115421,-322.479060218,,0.000000,0.000000,0.000000,0,0.0,stabperform_stable,0.044921,0.045505,0.078831,0.056983,0.016320,4.888356,4.895890,,-0.007534,1.467081,1.468757,-0.001676,16,
rxn4519,uma-m,-322.533036305,-322.353144861,-322.479059961,,0.000000,0.000000,-0.000000,0,0.0,stabperform_stable,0.000407,0.000409,0.032382,0.032431,0.006946,4.888618,4.895096,,-0.006478,1.468998,1.468771,0.000227,16,
rxn4519,uma-s,-322.533036468,-322.353116903,-322.479060342,,-0.000000,-0.000000,0.000000,0,0.0,stabperform_stable,0.003260,0.003305,0.046253,0.046237,0.012580,4.892514,4.895861,,-0.003347,1.469790,1.468765,0.001025,16,
rxn4522,esen,-322.533036059,-322.391564657,-322.450816603,-322.311131397,-0.000000,1.005468,0.000000,1,2188.7,rks_sp,0.087957,0.095802,0.072780,0.053374,0.016380,3.863318,3.849633,6.038333,0.013685,2.236484,2.237305,-0.000821,24,23
rxn4522,uma-m,-322.533036305,-322.391515415,-322.450818592,-322.311220649,0.000000,1.005224,-0.000000,1,2184.9,rks_sp,0.086799,0.096820,0.083309,0.036582,0.007287,3.850388,3.850980,6.035911,-0.000591,2.236293,2.237258,-0.000965,20,23
rxn4522,uma-s,-322.533036468,-322.391646018,-322.450817677,-322.310754943,-0.000000,1.005659,-0.000000,1,2201.2,rks_sp,0.084051,0.091803,0.074561,0.039418,0.011152,3.846898,3.847430,6.048588,-0.000532,2.235760,2.237287,-0.001527,20,23
rxn5690,esen,-323.407074625,-323.278780892,-323.306511692,-323.277876642,0.000000,0.286141,-0.000000,1,24.6,rks_sp,0.022978,0.029390,0.154437,0.154375,0.047509,3.465318,3.491050,3.515656,-0.025732,2.736983,2.736457,0.000527,22,16
rxn5690,uma-m,-323.407073594,-323.278979473,-323.306515448,-323.277851738,-0.000000,0.315234,-0.000000,1,30.7,rks_sp,0.028315,0.035955,0.102163,0.083508,0.023865,3.479745,3.485619,3.516306,-0.005874,2.732242,2.736327,-0.004084,20,16
rxn5690,uma-s,-323.407074299,-323.278960494,-323.306515685,-323.277943616,-0.000000,0.301789,-0.000000,1,27.7,rks_sp,0.027574,0.031323,0.186755,0.194370,0.034118,3.472286,3.486154,3.513825,-0.013868,2.735607,2.736339,-0.000732,20,16
rxn5691,esen,-323.407074625,-323.320135245,-323.368404370,-323.261354178,0.000000,1.011588,-0.000000,1,1599.5,rks_sp,0.056420,0.069882,0.046177,0.051793,0.019469,2.345707,2.365741,3.965255,-0.020034,1.049079,1.052271,-0.003192,24,27
rxn5691,uma-m,-323.407073596,-323.317895931,-323.368406162,-323.254549549,0.000000,1.017103,-0.000000,1,1723.7,rks_sp,0.089586,0.108161,0.075413,0.059011,0.013478,2.435172,2.426648,4.150391,0.008524,1.051849,1.052194,-0.000345,94,55
rxn5691,uma-s,-323.407074300,-323.320153335,-323.368404720,-323.261708930,-0.000000,1.011401,0.000000,1,1590.4,rks_sp,0.040946,0.045546,0.130046,0.130293,0.023704,2.366609,2.365240,3.955593,0.001369,1.053237,1.052253,0.000984,22,27
rxn6196,esen,-323.431471781,-323.276471214,-323.304437966,-323.273992226,-0.000000,0.510209,0.000000,1,67.5,rks_sp,0.123285,0.169553,0.142231,0.075643,0.015710,4.220816,4.217780,4.285237,0.003035,3.456551,3.456766,-0.000215,25,21
rxn6196,uma-m,-323.431471962,-323.276501883,-323.304437708,-323.274187781,-0.000000,0.495274,0.000000,1,63.0,rks_sp,0.118054,0.155673,0.139814,0.075214,0.012715,4.211300,4.216951,4.279921,-0.005650,3.453412,3.456778,-0.003366,25,21
rxn6196,uma-s,-323.431471900,-323.276515718,-323.304436062,-323.273909818,-0.000000,0.516633,-0.000000,1,70.9,rks_sp,0.110232,0.139041,0.086116,0.119177,0.034846,4.224464,4.216573,4.287483,0.007891,3.457663,3.456821,0.000842,25,22
rxn7060,esen,-323.483667630,-323.255865383,-323.364292305,-323.255865354,0.000000,-0.000000,0.000000,0,0.0,rks_sp,0.028368,0.030809,1.088923,1.102703,0.202551,6.121081,6.198815,6.198816,-0.077734,3.244184,3.248368,-0.004184,15,13
rxn7060,uma-m,-323.483667358,-323.257512670,-323.364292320,,-0.000000,-0.000000,-0.000000,0,0.0,stabperform_stable,0.002260,0.002491,0.303875,0.305933,0.072689,6.149319,6.153983,,-0.004664,3.243276,3.248360,-0.005084,17,
rxn7060,uma-s,-323.483667714,-323.256748437,-323.364288328,,0.000000,-0.000000,0.000000,0,0.0,stabperform_stable,0.018863,0.019096,0.852308,0.858009,0.157275,6.136671,6.174788,,-0.038117,3.241416,3.248479,-0.007063,16,
rxn7936,esen,-323.471272362,-323.258130480,-323.331378389,,-0.000000,-0.000000,0.000000,0,0.0,stabperform_stable,0.121745,0.122472,0.151322,0.273068,0.049983,5.798029,5.799886,,-0.001857,3.806948,3.806709,0.000239,18,
rxn7936,uma-m,-323.471272442,-323.258182901,-323.331383615,,0.000000,-0.000000,0.000000,0,0.0,stabperform_stable,0.050618,0.059506,0.051841,0.073888,0.017773,5.794565,5.798462,,-0.003897,3.804061,3.806569,-0.002508,18,
rxn7936,uma-s,-323.471272224,-323.258167192,-323.331381045,,0.000000,0.000000,0.000000,0,0.0,stabperform_stable,0.031175,0.039334,0.108972,0.110532,0.023882,5.792302,5.798883,,-0.006581,3.807251,3.806633,0.000618,18,
rxn7937,esen,-323.471272362,-323.330821402,-323.364442422,,0.000000,-0.000000,1.037838,0,0.0,stabperform_stable,0.002154,0.002946,0.205546,0.205557,0.040291,3.803799,3.821865,,-0.018067,2.876849,2.906991,-0.030142,16,
rxn7937,uma-m,-323.471272442,-323.330994294,-323.364536870,,-0.000000,0.000000,1.040038,0,0.0,stabperform_stable,0.002191,0.002690,0.035230,0.035123,0.009792,3.814746,3.817163,,-0.002417,2.909845,2.904423,0.005422,19,
rxn7937,uma-s,-323.471272224,-323.330945543,-323.364462500,,-0.000000,0.000000,1.034959,0,0.0,stabperform_stable,0.017209,0.018545,0.089026,0.085079,0.018423,3.813459,3.818484,,-0.005024,2.896870,2.906441,-0.009571,19,
rxn7945,esen,-323.471272362,-323.347011168,-323.367152131,,-0.000000,-0.000000,1.031532,0,0.0,stabperform_stable,0.047060,0.070004,0.129667,0.106711,0.028071,3.386764,3.381319,,0.005444,2.837701,2.833256,0.004445,16,
rxn7945,uma-m,-323.471272442,-323.328191058,-323.367366224,,0.000000,-0.000000,1.036183,0,0.0,stabperform_stable,0.015445,0.018349,0.092319,0.093982,0.017117,3.883763,3.893443,,-0.009680,2.830718,2.827432,0.003286,17,
rxn7945,uma-s,-323.471272225,-323.328167878,-323.367256682,,0.000000,-0.000000,1.029843,0,0.0,stabperform_stable,0.014622,0.017462,0.056589,0.057910,0.019506,3.868715,3.894068,,-0.025353,2.821788,2.830407,-0.008619,18,
rxn7949,esen,-323.471272361,-323.369949933,-323.476129959,-323.320996751,0.000000,1.001232,-0.000000,1,1332.1,rks_sp,0.010209,0.013483,0.048078,0.048566,0.013371,2.752031,2.757124,4.089208,-0.005093,-0.131954,-0.132182,0.000228,22,22
rxn7949,uma-m,-323.471272442,-323.369963607,-323.476128674,-323.321742451,-0.000000,1.000002,0.000000,1,1312.2,rks_sp,0.003623,0.005422,0.053329,0.052601,0.009102,2.766913,2.756754,4.068918,0.010159,-0.131964,-0.132145,0.000181,22,22
rxn7949,uma-s,-323.471272224,-323.369408651,-323.476128372,-323.322750435,0.000000,0.997225,0.000000,1,1269.6,rks_sp,0.004342,0.005132,0.248911,0.248859,0.054121,2.797076,2.771849,4.041484,0.025227,-0.132649,-0.132143,-0.000507,23,22
rxn7955,esen,-323.471272361,-323.360352177,-323.363228586,,-0.000000,-0.000000,-0.000000,0,0.0,stabperform_stable,0.049481,0.057339,0.048293,0.048569,0.013785,3.021796,3.018292,,0.003504,2.936544,2.940021,-0.003477,15,
rxn7955,uma-m,-323.471272442,-323.360361574,-323.363213961,,0.000000,-0.000000,-0.000000,0,0.0,stabperform_stable,0.050726,0.056490,0.033683,0.022692,0.005730,3.012260,3.018038,,-0.005779,2.937815,2.940421,-0.002606,15,
rxn7955,uma-s,-323.471272225,-323.360355166,-323.363238118,,0.000000,-0.000000,-0.000000,0,0.0,stabperform_stable,0.046752,0.049125,0.045801,0.040727,0.010936,3.013663,3.018207,,-0.004543,2.942209,2.939758,0.002451,15,
rxn7957,esen,-323.471272361,-323.364194138,-323.412465767,-323.349181405,-0.000000,0.733821,0.000000,1,408.5,rks_sp,0.020013,0.030935,0.114300,0.108108,0.030627,2.946548,2.913747,3.322264,0.032801,1.598018,1.600209,-0.002191,19,16
rxn7957,uma-m,-323.471272442,-323.364190791,-323.412468660,-323.352032296,-0.000000,0.687857,-0.000000,1,330.8,rks_sp,0.009160,0.013143,0.114315,0.105830,0.025381,2.916912,2.913840,3.244690,0.003072,1.598350,1.600132,-0.001783,19,16
rxn7957,uma-s,-323.471272225,-323.364201298,-323.412467552,-323.348952325,0.000000,0.737133,-0.000000,1,414.9,rks_sp,0.028685,0.047372,0.125138,0.117209,0.030566,2.915427,2.913548,3.328494,0.001879,1.600066,1.600157,-0.000090,19,16
rxn8827,esen,-323.425093639,-323.298947207,-323.325414728,-323.259571678,-0.000000,1.009114,1.006407,1,1071.5,rks_sp,0.038048,0.044929,0.222072,0.220751,0.054289,3.486552,3.432619,4.504082,0.053933,2.700185,2.712401,-0.012216,23,22
rxn8827,uma-m,-323.425093388,-323.298927467,-323.325525266,-323.260778554,-0.000000,1.006780,1.007310,1,1038.1,rks_sp,0.032523,0.035249,0.137258,0.140227,0.032742,3.455532,3.433150,4.471234,0.022382,2.709883,2.709387,0.000496,24,22
rxn8827,uma-s,-323.425092908,-323.298471679,-323.325522512,-323.261213589,0.000000,1.000839,1.007358,1,1013.8,rks_sp,0.028811,0.034402,0.180100,0.175093,0.051975,3.455995,3.445539,4.459383,0.010456,2.696305,2.709449,-0.013144,21,22
rxn8829,esen,-323.425093639,-323.318698210,-323.474494771,,-0.000000,0.000000,0.000000,0,0.0,stabperform_stable,0.051553,0.065022,0.069035,0.070429,0.016269,2.901664,2.895167,,0.006497,-1.345243,-1.344273,-0.000970,13,
rxn8829,uma-m,-323.425093389,-323.318710291,-323.474493851,,0.000000,-0.000000,-0.000000,0,0.0,stabperform_stable,0.037635,0.054798,0.044762,0.012510,0.005162,2.888524,2.894832,,-0.006307,-1.343449,-1.344255,0.000806,13,
rxn8829,uma-s,-323.425092909,-323.318703047,-323.474493772,,0.000000,-0.000000,0.000000,0,0.0,stabperform_stable,0.039408,0.058442,0.038437,0.029135,0.010368,2.896744,2.895016,,0.001729,-1.343500,-1.344266,0.000766,13,
rxn8832,esen,-323.425093639,-323.333687232,-323.393414553,-323.295930294,-0.000000,0.988726,0.561354,1,1027.4,rks_sp,0.037995,0.048715,0.221868,0.226540,0.047471,2.527008,2.487295,3.514714,0.039713,0.860081,0.862032,-0.001951,19,18
rxn8832,uma-m,-323.425093389,-323.333901827,-323.393427684,-323.296095040,0.000000,0.990454,0.562680,1,1028.8,rks_sp,0.034381,0.045720,0.077833,0.076685,0.014334,2.474678,2.481449,3.510224,-0.006771,0.860954,0.861668,-0.000714,23,18
rxn8832,uma-s,-323.425092908,-323.333315266,-323.393408619,-323.296742145,-0.000000,0.982489,0.561089,1,995.2,rks_sp,0.028433,0.037675,0.108078,0.103358,0.030037,2.492881,2.497397,3.492602,-0.004516,0.862580,0.862173,0.000407,22,19
rxn8837,esen,-323.425093638,-323.256620519,-323.325977312,,-0.000000,-0.000000,0.959480,0,0.0,stabperform_stable,0.091515,0.117051,0.099285,0.086637,0.013010,4.592285,4.584387,,0.007898,2.677280,2.697093,-0.019813,18,
rxn8837,uma-m,-323.425093389,-323.171197303,-323.326146845,-323.053148696,0.000000,1.007022,0.958298,1,3212.3,rks_sp,0.752253,0.799304,0.763636,0.439443,0.113389,6.945076,6.908864,10.121131,0.036211,2.680474,2.692473,-0.011998,20,32
rxn8837,uma-s,-323.425092908,-323.093660104,-323.326181578,-322.966513951,0.000000,1.009994,0.964378,1,3459.8,rks_sp,0.045953,0.056592,0.735029,0.731320,0.165037,9.638160,9.018746,12.478569,0.619414,2.651271,2.691514,-0.040244,95,95
rxn8885,esen,-323.430275085,-323.310442621,-323.390178910,-323.201909801,-0.000000,1.028231,0.000000,1,2953.3,rks_sp,0.399534,0.402862,0.380064,0.097695,0.017598,3.262913,3.260807,6.214136,0.002105,1.089160,1.091073,-0.001913,39,29
rxn8885,uma-m,-323.430275318,-323.299124451,-323.390179545,-323.299044460,-0.000000,0.113573,0.000000,1,2.2,rks_sp,0.021909,0.023703,0.116247,0.127377,0.024980,3.572330,3.568797,3.570974,0.003534,1.091407,1.091062,0.000345,65,16
rxn8885,uma-s,-323.430275066,-323.311526854,-323.390177899,-323.239101840,-0.000000,1.024371,0.000000,1,1970.8,rks_sp,0.467814,0.497292,0.481744,0.101477,0.020550,3.242869,3.231303,5.202089,0.011565,1.089493,1.091099,-0.001606,184,24
rxn9246,esen,-322.574487170,-322.509145661,-322.543020548,,0.000000,0.000000,-0.000000,0,0.0,stabperform_stable,0.073628,0.075693,0.071084,0.041238,0.007896,1.777411,1.778033,,-0.000622,0.856598,0.856250,0.000348,15,
rxn9246,uma-m,-322.574487191,-322.509147618,-322.543020469,,-0.000000,-0.000000,0.000000,0,0.0,stabperform_stable,0.069841,0.072186,0.068939,0.007764,0.001861,1.775580,1.777980,,-0.002401,0.857244,0.856253,0.000991,15,
rxn9246,uma-s,-322.574487358,-322.509153505,-322.543020385,,0.000000,-0.000000,0.000000,0,0.0,stabperform_stable,0.058770,0.061212,0.055771,0.016568,0.004166,1.778108,1.777825,,0.000283,0.855536,0.856260,-0.000724,15,
