rxn,model,F_model,F_dft,mae_force,maxcomp_err,unstable,lambda_min,nfod,breaking_depth,unstable_model,lambda_min_model,breaking_depth_model
rxn0101,esen,0.022048,0.100384,0.021381,0.100516,0,0.07142674,0.713202,0.000,0,0.07068226,0.000
rxn0101,uma-m,0.019003,0.098678,0.014973,0.100962,0,0.07142674,0.713202,0.000,0,0.07119476,0.000
rxn0101,uma-s,0.030149,0.139193,0.020578,0.143205,0,0.07142674,0.713202,0.000,0,0.07093848,0.000
rxn0346,esen,0.288361,0.482410,0.075030,0.353465,1,-0.02718735,0.847428,147.604,1,-0.02535912,145.756
rxn0346,uma-m,0.028267,0.181761,0.042293,0.177105,1,-0.02718735,0.847428,147.604,1,-0.02126028,110.407
rxn0346,uma-s,0.042698,0.241113,0.042482,0.208382,1,-0.02718735,0.847428,147.604,1,-0.02269915,118.116
rxn0894,esen,0.028513,0.794188,0.115967,0.798611,1,-0.04013800,0.715971,190.175,1,-0.27734742,3991.955
rxn0894,uma-m,0.313502,1.320420,0.372306,1.361411,1,-0.04013800,0.715971,190.175,,,
rxn0894,uma-s,0.112211,0.775621,0.192791,0.770565,1,-0.04013800,0.715971,190.175,1,-0.11221440,1278.228
rxn0896,esen,0.008073,0.131422,0.021336,0.131694,0,0.00346535,0.840368,0.000,0,0.00296437,0.000
rxn0896,uma-m,0.004302,0.069599,0.017170,0.071617,0,0.00346535,0.840368,0.000,0,0.00464033,0.000
rxn0896,uma-s,0.007073,0.056825,0.012560,0.055091,0,0.00346535,0.840368,0.000,0,0.00374248,0.000
rxn10005,esen,0.016529,0.073025,0.021306,0.075016,0,0.00334932,0.695113,0.000,0,0.00349724,0.000
rxn10005,uma-m,0.018975,0.027601,0.010568,0.030595,0,0.00334932,0.695113,0.000,0,0.00318871,0.000
rxn10005,uma-s,0.018123,0.048725,0.014288,0.054285,0,0.00334932,0.695113,0.000,0,0.00328847,0.000
rxn10054,esen,0.033241,0.110785,0.023292,0.108806,0,0.00130759,0.694863,0.000,1,-0.00206992,0.939
rxn10054,uma-m,0.010079,0.067789,0.013925,0.070223,0,0.00130759,0.694863,0.000,1,-0.00253820,1.404
rxn10054,uma-s,0.565821,0.594531,0.017920,0.074313,0,0.00130759,0.694863,0.000,1,-0.01040456,23.355
rxn1061,esen,0.063123,0.052503,0.011420,0.053806,0,0.14173781,0.011969,0.000,0,0.14217405,0.000
rxn1061,uma-m,0.002429,0.048898,0.009865,0.049302,0,0.14173781,0.011969,0.000,0,0.14218255,0.000
rxn1061,uma-s,0.027833,0.065328,0.011599,0.057132,0,0.14173781,0.011969,0.000,0,0.14210241,0.000
rxn1147,esen,0.030367,0.069716,0.021886,0.068841,1,-0.02450193,0.725373,105.234,0,0.00660318,0.000
rxn1147,uma-m,0.023873,0.055098,0.014449,0.051490,1,-0.02450193,0.725373,105.234,0,0.00687713,0.000
rxn1147,uma-s,0.029719,0.081411,0.020684,0.081601,1,-0.02450193,0.725373,105.234,0,0.00698075,0.000
rxn1150,esen,0.068741,0.095145,0.019841,0.084016,0,0.00497749,0.846633,0.000,0,0.00360985,0.000
rxn1150,uma-m,0.082347,0.069111,0.014656,0.044357,0,0.00497749,0.846633,0.000,0,0.00347248,0.000
rxn1150,uma-s,0.057081,0.082365,0.016958,0.072358,0,0.00497749,0.846633,0.000,0,0.00332742,0.000
rxn1154,esen,0.002593,0.108229,0.030858,0.106372,0,0.03270725,0.566447,0.000,0,0.02658137,0.000
rxn1154,uma-m,0.017819,0.044147,0.011281,0.043180,0,0.03270725,0.566447,0.000,0,0.02374958,0.000
rxn1154,uma-s,0.031838,0.121964,0.022735,0.118163,0,0.03270725,0.566447,0.000,0,0.02066748,0.000
rxn1155,esen,0.004641,0.058035,0.016321,0.057671,0,0.13379817,0.016664,0.000,0,0.13402137,0.000
rxn1155,uma-m,0.005196,0.036794,0.011208,0.036771,0,0.13379817,0.016664,0.000,0,0.13415696,0.000
rxn1155,uma-s,0.006515,0.067129,0.017045,0.066673,0,0.13379817,0.016664,0.000,0,0.13398174,0.000
rxn1283,esen,0.073070,0.104937,0.021240,0.100832,1,-0.01389304,0.768754,44.507,1,-0.12515638,1944.120
rxn1283,uma-m,0.056843,0.141340,0.021436,0.102147,1,-0.01389304,0.768754,44.507,1,-0.11961906,1867.879
rxn1283,uma-s,0.081400,0.162396,0.038974,0.152834,1,-0.01389304,0.768754,44.507,1,-0.12720786,2030.191
rxn1320,esen,0.016002,0.115310,0.020587,0.117362,1,-0.04801110,0.967823,339.180,1,-0.04976945,299.257
rxn1320,uma-m,0.016577,0.042683,0.011103,0.047241,1,-0.04801110,0.967823,339.180,1,-0.05071165,310.330
rxn1320,uma-s,0.020217,0.066509,0.020473,0.070479,1,-0.04801110,0.967823,339.180,1,-0.04999423,301.898
rxn1961,esen,0.034188,0.047611,0.010791,0.047473,0,0.17749028,0.004266,0.000,0,0.17735125,0.000
rxn1961,uma-m,0.027296,0.046723,0.010147,0.050172,0,0.17749028,0.004266,0.000,0,0.17733812,0.000
rxn1961,uma-s,0.023250,0.050119,0.010238,0.058025,0,0.17749028,0.004266,0.000,0,0.17738267,0.000
rxn1962,esen,0.022562,0.030299,0.008144,0.026518,0,0.18279847,0.002577,0.000,0,0.18265500,0.000
rxn1962,uma-m,0.019339,0.036874,0.008719,0.029064,0,0.18279847,0.002577,0.000,0,0.18264880,0.000
rxn1962,uma-s,0.020956,0.056287,0.009236,0.046058,0,0.18279847,0.002577,0.000,0,0.18263881,0.000
rxn2553,esen,0.041178,0.069738,0.018191,0.076262,0,0.12428048,0.076007,0.000,0,0.12395566,0.000
rxn2553,uma-m,0.046073,0.076483,0.012715,0.065530,0,0.12428048,0.076007,0.000,0,0.12398728,0.000
rxn2553,uma-s,0.044648,0.051458,0.012955,0.057782,0,0.12428048,0.076007,0.000,0,0.12426634,0.000
rxn3107,esen,0.006889,0.162832,0.035840,0.162891,1,-0.01254540,0.800608,38.790,1,-0.00432869,4.435
rxn3107,uma-m,0.003978,0.106069,0.023331,0.106116,1,-0.01254540,0.800608,38.790,1,-0.00524765,6.436
rxn3107,uma-s,0.003162,0.157337,0.025009,0.157010,1,-0.01254540,0.800608,38.790,1,-0.00594700,8.531
rxn4003,esen,0.008993,0.049744,0.009077,0.043453,0,0.17508637,0.010029,0.000,0,0.17590804,0.000
rxn4003,uma-m,0.013590,0.041901,0.009014,0.052317,0,0.17508637,0.010029,0.000,0,0.17578335,0.000
rxn4003,uma-s,0.001864,0.039108,0.007968,0.040972,0,0.17508637,0.010029,0.000,0,0.17586356,0.000
rxn4004,esen,0.000679,0.066695,0.011706,0.066787,0,0.15291815,0.009489,0.000,0,0.15280193,0.000
rxn4004,uma-m,0.000474,0.062725,0.010085,0.062459,0,0.15291815,0.009489,0.000,0,0.15280097,0.000
rxn4004,uma-s,0.000408,0.075204,0.011175,0.075103,0,0.15291815,0.009489,0.000,0,0.15277754,0.000
rxn4060,esen,0.000352,0.053532,0.009055,0.053688,0,0.16458139,0.006670,0.000,0,0.16461260,0.000
rxn4060,uma-m,0.000467,0.040471,0.008221,0.040004,0,0.16458139,0.006670,0.000,0,0.16457555,0.000
rxn4060,uma-s,0.000326,0.041875,0.009112,0.042030,0,0.16458139,0.006670,0.000,0,0.16455702,0.000
rxn4063,esen,0.043114,0.090605,0.009419,0.065125,0,0.18308261,0.007984,0.000,0,0.18306966,0.000
rxn4063,uma-m,0.037383,0.092752,0.009190,0.068475,0,0.18308261,0.007984,0.000,0,0.18298111,0.000
rxn4063,uma-s,0.034253,0.084707,0.008504,0.061760,0,0.18308261,0.007984,0.000,0,0.18298533,0.000
rxn4113,esen,0.057740,0.181999,0.040947,0.188824,1,-0.00845798,0.959627,8.351,1,-0.01158262,15.625
rxn4113,uma-m,0.143216,0.185817,0.018733,0.042601,1,-0.00845798,0.959627,8.351,1,-0.14655294,1940.036
rxn4113,uma-s,0.099974,0.169167,0.038899,0.150681,1,-0.00845798,0.959627,8.351,1,-0.00921629,9.793
rxn4114,esen,0.047131,0.055517,0.011524,0.074336,0,0.17696327,0.007904,0.000,0,0.17703014,0.000
rxn4114,uma-m,0.036581,0.051391,0.008195,0.041480,0,0.17696327,0.007904,0.000,0,0.17684381,0.000
rxn4114,uma-s,0.037910,0.034871,0.006006,0.028197,0,0.17696327,0.007904,0.000,0,0.17688620,0.000
rxn4498,esen,0.049378,0.084642,0.027787,0.090358,0,0.17433606,0.012435,0.000,0,0.17343116,0.000
rxn4498,uma-m,0.057904,0.072116,0.016078,0.054845,0,0.17433606,0.012435,0.000,0,0.17425714,0.000
rxn4498,uma-s,0.046334,0.090657,0.020155,0.094214,0,0.17433606,0.012435,0.000,0,0.17436043,0.000
rxn4500,esen,0.078271,0.111307,0.009102,0.033036,0,0.07881728,0.106113,0.000,0,0.07880899,0.000
rxn4500,uma-m,0.089677,0.099877,0.008404,0.040926,0,0.07881728,0.106113,0.000,0,0.07879552,0.000
rxn4500,uma-s,0.091805,0.106447,0.009191,0.053295,0,0.07881728,0.106113,0.000,0,0.07882178,0.000
rxn4513,esen,0.119964,0.146067,0.012797,0.040190,0,0.05819857,0.307267,0.000,0,0.05700396,0.000
rxn4513,uma-m,0.124377,0.149646,0.015166,0.048985,0,0.05819857,0.307267,0.000,0,0.05680931,0.000
rxn4513,uma-s,0.133232,0.154231,0.019038,0.048202,0,0.05819857,0.307267,0.000,0,0.05667292,0.000
rxn4518,esen,0.030672,0.050106,0.017289,0.046753,1,-0.07779870,0.833171,648.484,1,-0.21483454,2974.463
rxn4518,uma-m,0.024591,0.057152,0.010502,0.063197,1,-0.07779870,0.833171,648.484,1,-0.20359927,2789.589
rxn4518,uma-s,0.029826,0.059233,0.014086,0.062534,1,-0.07779870,0.833171,648.484,1,-0.20706752,2852.160
rxn4519,esen,0.044921,0.071215,0.021366,0.067163,0,0.09009292,0.154479,0.000,0,0.09182910,0.000
rxn4519,uma-m,0.000407,0.030463,0.010656,0.030461,0,0.09009292,0.154479,0.000,0,0.09220033,0.000
rxn4519,uma-s,0.003260,0.048000,0.017895,0.047983,0,0.09009292,0.154479,0.000,0,0.09263018,0.000
rxn4522,esen,0.087957,0.071030,0.014298,0.049597,1,-0.03246721,0.730771,183.964,1,-0.16624311,2197.294
rxn4522,uma-m,0.086799,0.080960,0.010734,0.049901,1,-0.03246721,0.730771,183.964,1,-0.16629276,2193.446
rxn4522,uma-s,0.084051,0.072536,0.010904,0.029384,1,-0.03246721,0.730771,183.964,1,-0.16682382,2209.608
rxn5690,esen,0.022978,0.153524,0.048118,0.153462,1,-0.00267845,0.433383,1.264,1,-0.01186355,25.176
rxn5690,uma-m,0.028315,0.109817,0.022624,0.091162,1,-0.00267845,0.433383,1.264,1,-0.01327819,31.266
rxn5690,uma-s,0.027574,0.184252,0.035963,0.191867,1,-0.00267845,0.433383,1.264,1,-0.01259854,28.291
rxn5691,esen,0.056420,0.069892,0.020490,0.069256,1,-0.02901643,0.777668,155.862,1,-0.12294294,1601.740
rxn5691,uma-m,0.089586,0.083352,0.014010,0.064531,1,-0.02901643,0.777668,155.862,1,-0.12451290,1725.813
rxn5691,uma-s,0.040946,0.148152,0.028368,0.148398,1,-0.02901643,0.777668,155.862,1,-0.12242375,1592.608
rxn6196,esen,0.123285,0.139643,0.019582,0.085689,1,-0.00686553,0.868898,10.728,1,-0.01670804,68.770
rxn6196,uma-m,0.118054,0.143261,0.015091,0.075651,1,-0.00686553,0.868898,10.728,1,-0.01616959,64.229
rxn6196,uma-s,0.110232,0.091872,0.036252,0.120735,1,-0.00686553,0.868898,10.728,1,-0.01727953,72.157
rxn7060,esen,0.028368,1.125770,0.204415,1.139550,1,-0.00790376,0.788126,22.067,0,0.00287771,0.000
rxn7060,uma-m,0.002260,0.334743,0.075550,0.336801,1,-0.00790376,0.788126,22.067,0,0.00134274,0.000
rxn7060,uma-s,0.018863,0.884263,0.159314,0.889963,1,-0.00790376,0.788126,22.067,0,0.00277234,0.000
rxn7936,esen,0.121745,0.159720,0.054737,0.281465,0,0.00814121,0.727138,0.000,0,0.00675328,0.000
rxn7936,uma-m,0.050618,0.066063,0.021357,0.093845,0,0.00814121,0.727138,0.000,0,0.00774078,0.000
rxn7936,uma-s,0.031175,0.111686,0.027183,0.113246,0,0.00814121,0.727138,0.000,0,0.00740978,0.000
rxn7937,esen,0.002154,0.225005,0.041421,0.225016,0,0.00732605,0.877471,0.000,0,0.00809465,0.000
rxn7937,uma-m,0.002191,0.036709,0.011974,0.037137,0,0.00732605,0.877471,0.000,0,0.01002328,0.000
rxn7937,uma-s,0.017209,0.099984,0.021978,0.096037,0,0.00732605,0.877471,0.000,0,0.01016451,0.000
rxn7945,esen,0.047060,0.131483,0.032384,0.108527,0,0.00433698,0.903300,0.000,0,0.06166561,0.000
rxn7945,uma-m,0.015445,0.081322,0.015970,0.082985,0,0.00433698,0.903300,0.000,0,0.00659788,0.000
rxn7945,uma-s,0.014622,0.058574,0.020104,0.059093,0,0.00433698,0.903300,0.000,0,0.00847590,0.000
rxn7949,esen,0.010209,0.073540,0.016111,0.071013,1,-0.06314606,1.146495,559.624,1,-0.11127076,1338.845
rxn7949,uma-m,0.003623,0.047292,0.010065,0.046564,1,-0.06314606,1.146495,559.624,1,-0.11017929,1318.972
rxn7949,uma-s,0.004342,0.240684,0.051352,0.240632,1,-0.06314606,1.146495,559.624,1,-0.10803443,1276.672
rxn7955,esen,0.049481,0.045952,0.015222,0.046131,0,0.07484705,0.219052,0.000,0,0.07469055,0.000
rxn7955,uma-m,0.050726,0.037332,0.008544,0.045407,0,0.07484705,0.219052,0.000,0,0.07461616,0.000
rxn7955,uma-s,0.046752,0.060340,0.012619,0.042330,0,0.07484705,0.219052,0.000,0,0.07452387,0.000
rxn7957,esen,0.020013,0.110737,0.029073,0.104545,1,-0.02396317,0.684467,99.789,1,-0.06136583,410.439
rxn7957,uma-m,0.009160,0.110792,0.025696,0.105962,1,-0.02396317,0.684467,99.789,1,-0.05465770,332.549
rxn7957,uma-s,0.028685,0.141367,0.030023,0.133438,1,-0.02396317,0.684467,99.789,1,-0.06189641,416.805
rxn8827,esen,0.038048,0.230527,0.054627,0.229206,1,-0.01095733,0.759862,27.538,1,-0.08726209,1083.672
rxn8827,uma-m,0.032523,0.130653,0.033362,0.133622,1,-0.01095733,0.759862,27.538,1,-0.08554024,1051.147
rxn8827,uma-s,0.028811,0.176053,0.049839,0.171045,1,-0.01095733,0.759862,27.538,1,-0.08559132,1026.011
rxn8829,esen,0.051553,0.056766,0.017557,0.057967,0,0.11405379,0.047832,0.000,0,0.11393387,0.000
rxn8829,uma-m,0.037635,0.044565,0.007433,0.021372,0,0.11405379,0.047832,0.000,0,0.11447641,0.000
rxn8829,uma-s,0.039408,0.046648,0.012376,0.044453,0,0.11405379,0.047832,0.000,0,0.11444835,0.000
rxn8832,esen,0.037995,0.226758,0.046482,0.231430,1,-0.04925497,0.999667,428.017,1,-0.08853680,1032.633
rxn8832,uma-m,0.034381,0.076704,0.014114,0.075555,1,-0.04925497,0.999667,428.017,1,-0.08783545,1033.343
rxn8832,uma-s,0.028433,0.097456,0.028451,0.092434,1,-0.04925497,0.999667,428.017,1,-0.08725776,1000.139
rxn8837,esen,0.091515,0.096399,0.013762,0.081222,1,-0.04400583,0.798303,293.916,0,0.04727784,0.000
rxn8837,uma-m,0.752253,0.757390,0.114536,0.438034,1,-0.04400583,0.798303,293.916,1,-0.22514865,3230.947
rxn8837,uma-s,0.045953,0.748923,0.168753,0.745214,1,-0.04400583,0.798303,293.916,1,-0.24437803,3474.484
rxn8885,esen,0.399534,0.380135,0.018388,0.098203,1,-0.01109208,0.922526,42.751,1,-0.21622031,3014.823
rxn8885,uma-m,0.021909,0.178117,0.019726,0.166988,1,-0.01109208,0.922526,42.751,1,-0.00420656,5.015
rxn8885,uma-s,0.467814,0.483341,0.020679,0.099390,1,-0.01109208,0.922526,42.751,1,-0.15645979,2033.745
rxn9246,esen,0.073628,0.100371,0.016208,0.101534,0,0.15454423,0.014248,0.000,0,0.15349758,0.000
rxn9246,uma-m,0.069841,0.067985,0.011870,0.064688,0,0.15454423,0.014248,0.000,0,0.15362087,0.000
rxn9246,uma-s,0.058770,0.073859,0.013762,0.076760,0,0.15454423,0.014248,0.000,0,0.15384048,0.000
